id	pre_request_file_name	post_request_file_name	request_text	reverse_request	link	watermark	difficulty_dallin	difficulty_krishna	difficulty_haoran	average_difficulty
1	dad.jpeg	dad.jpeg	Make it so my dad is wearing a suit		https://www.reddit.com/r/PhotoshopRequest/comments/p50c21/my_dad_died_this_monday_and_i_need_a_suit_for_my/					
2	dog.png	dog.jpg	Can someone remove the human arms please?		https://www.reddit.com/r/PhotoshopRequest/comments/voftnr/can_someone_remove_the_human_arms_please/					
3	brother.jpeg	brother.jpeg	Can someone please remove his mask?		https://www.reddit.com/r/PhotoshopRequest/comments/wfda34/my_brother_passed_away_can_someone_please_remove/					
4	girlinshorts.jpeg	girlinshorts.jpeg	Can anyone remove the girl in the shorts please?		https://www.reddit.com/r/PhotoshopRequest/comments/sr2ujq/can_anyone_remove_the_girl_in_the_shorts_please/					
5	3rdwheel.jpeg	3rdwheel.png	Could someone remove the girl in the background pls		https://www.reddit.com/r/PhotoshopRequest/comments/ofolst/im_only_19and_i_live_in_india_so_i_dont_think_i/					
6	oldphoto.jpeg	oldphoto.jpg	Clean up the image quality and make it color		https://www.reddit.com/r/PhotoshopRequest/comments/xm4z7v/this_is_my_friends_father_this_is_unfortunately/	TRUE				
7	tattoo.jpeg	tattoo.jpeg	Can you put a tattoo of Jeff Bezos on my head		https://www.reddit.com/r/PhotoshopRequest/comments/ootj6a/can_you_put_a_tattoo_on_my_head_so_i_can_wind_my/					
8	hottub.jpeg	hottub.jpeg	Make it so it looks like the hottub is hot pot.		https://www.reddit.com/r/PhotoshopRequest/comments/rsasnx/house_sitting_for_a_friend_i_told_him_id_use_his/					
9	roommate.jpeg	roommate.jpeg	Make it look like my sleeping roommate is ice skating.		https://www.reddit.com/r/PhotoshopRequest/comments/sub0p1/came_home_to_my_roommate_sleeping_like_this_i_can/					
10	presidents.jpeg	presidents.jpeg	Put Bernie Sanders on the last full chair on the left.		https://www.reddit.com/r/PhotoshopRequest/comments/l24isp/could_someone_put_bernie_in_the_last_full_chair/					
11	dog2.jpeg	dog2.png	Edit out the fence	put a fence in front of the dog	https://www.reddit.com/r/PhotoshopRequest/comments/nkqs52/my_dog_of_13_years_passed_away_today_in_my_arms_i/					
12	frog.jpeg	frog.jpeg	Make this frog happy	make the frog frown	https://www.reddit.com/r/PhotoshopRequest/comments/iflmbb/can_someone_please_make_this_frog_happy/					
13	men.jpeg	men.jpeg	Can you give us 6 pack abs as a joke	make both men flabby	https://www.reddit.com/r/PhotoshopRequest/comments/v2xfmn/my_friend_and_i_were_morbidly_obese_and_showed/	TRUE				
14	cat.jpeg	cat.png	photohop him holding a pizza with a chefs hat	remove the pizza and the chefs hat from the picture	https://www.reddit.com/r/PhotoshopRequest/comments/xlhkpi/my_cat_passed_away_today_can_someone_photoshop/					
15	girls.jpeg	girls.png	"remove the girl in the flower shirt, second from the right"	put another friend in between the 2 girls on the right	https://www.reddit.com/r/PhotoshopRequest/comments/u9dfbz/can_anyone_remove_the_girl_in_the_flower_shirt/					
16	wine.jpeg	wine.jpeg	need help removing wine glass for grandfather	put a wine glass in front of the man	https://www.reddit.com/r/PhotoshopRequest/comments/pfwaw1/needed_help_removing_wine_glass_for_grandfather/					
17	cat2.jpeg	cat2.jpeg	Give the cat a speedo and make him an olympic diver	make it so the diver is sleeping in a cat bed	https://www.reddit.com/r/PhotoshopRequest/comments/uyc914/this_is_a_silly_request_but_could_someone/					
18	name.jpeg	name.jpeg	change Kelsey to Jeremy and change 21 to 19	change Jeremy to Kelsey and change 19 to 21	https://www.reddit.com/r/PhotoshopRequest/comments/q4lfbl/i_think_this_will_be_tough_but_please_can_you/					
19	grandpa.jpeg	grandpa.jpeg	Ligthen up my grandpa's face		https://www.reddit.com/r/PhotoshopRequest/comments/jp5xfu/my_sweet_wonderful_dad_died_can_you_help_me/					
20	glasses.jpeg	glasses.png	remove my glasses and glare please	put glasses on the person's face	https://www.reddit.com/r/PhotoshopRequest/comments/pgk5rf/request_to_remove_the_glasses_and_glare_so_that/					
21	dad2.jpeg	dad2.png	Is anyone able to photoshop the dad out of this image?	Put a man in a suit in the chair in the foreground	https://www.reddit.com/r/PhotoshopRequest/comments/g1qdi0/is_anyone_able_to_photoshop_the_dad_out_of_this/					
22	lightsaber.jpeg	lightsaber.png	Make the lightsaber glow and put me in a star wars background.		https://www.reddit.com/r/PhotoshopRequest/comments/t88eum/i_will_tip_the_artist_who_can_do_the_best_job_of/	TRUE				
23	taller.jpeg	taller.jpeg	can someone make the person in the middle the tallest		https://www.reddit.com/r/PhotoshopRequest/comments/psmlmu/can_someone_make_the_person_in_the_middle_the/					
24	wedding.jpg	wedding.png	can someone get rid of the husband please		https://www.reddit.com/r/PhotoshopRequest/comments/rvxx1e/can_someone_get_rid_of_the_husband_please/					
25	grownup.jpeg	grownup.jpeg	please can someone remove the grown up from this picture.		https://www.reddit.com/r/PhotoshopRequest/comments/pi7n7o/please_can_someone_remove_the_grownup_from_this/					
26	background.jpg	background.png	can you remove the people in the background		https://www.reddit.com/r/PhotoshopRequest/comments/kdei0d/can_you_remove_the_people_out_of_the_background/					
27	half.jpeg	half.jpeg	Can someone make the guy in the yellow on the right half sized?		https://www.reddit.com/r/PhotoshopRequest/comments/pl2eg1/can_someone_make_the_guy_in_yellow_on_the_right/					
28	red.jpg	blue.png	Can anyone make this wallpaper blue instead of red?		https://www.reddit.com/r/PhotoshopRequest/comments/lfoeop/can_anyone_make_this_wallpaper_blue_instead_of_red/					
29	leash.jpg	leash.jpeg	Take the leash off this dog!		https://www.reddit.com/r/PhotoshopRequest/comments/ji98pv/can_anyone_photoshop_the_leash_out_of_the_picture/					
30	graffiti.jpeg	graffiti.jpeg	can someone remove the graffiti off this pic		https://www.reddit.com/r/PhotoshopRequest/comments/nfago1/can_someone_remove_the_graffiti_off_this_pic/					